Year,County,Hospital System,Hospital,Hospital ID,Performance Measure,Total Statewide TAVR Cases,Statewide Adverse Events,Statewide Observed Adverse Event Rate (%),Total Hospital TAVR Cases, Hospital Adverse Events,Hospital Observed Adverse Event Rate (%),"Hospital Expected Adverse Event Rate (%)
","Hospital Risk-Adjusted Adverse Event Rate (%, RAAER)",Hospital Lower 95% CI for RAAER,Hospital Upper 95% CI for RAAER,"Performance
 Rating",Latitude,Longitude
2023,Los Angeles,Adventist Health Systems,Adventist Health Glendale,106190323,TAVR In-hospital/30-day mortality,"9,064",181,2.00,118,1,0.85,1.39,1.22,0.03,6.77,Average,34.1507443,-118.2291341
2023,Los Angeles,Adventist Health Systems,Adventist Health Glendale,106190323,TAVR In-hospital/30-day stroke,"9,064",183,2.02,118,0,0.00,1.70,0.00,0.00,3.71,Average,34.1507443,-118.2291341
2023,Napa,Adventist Health Systems,Adventist Health St. Helena,106281078,TAVR In-hospital/30-day mortality,"9,064",181,2.00,69,2,2.90,2.04,2.85,0.34,10.29,Average,38.5425498,-122.4748281
2023,Napa,Adventist Health Systems,Adventist Health St. Helena,106281078,TAVR In-hospital/30-day stroke,"9,064",183,2.02,69,3,4.35,2.32,3.78,0.78,11.04,Average,38.5425498,-122.4748281
2023,Los Angeles,Adventist Health Systems,Adventist Health White Memorial,106190878,TAVR In-hospital/30-day mortality,"9,064",181,2.00,35,0,0.00,2.57,0.00,0.00,8.20,Average,34.0492967,-118.2171632
2023,Los Angeles,Adventist Health Systems,Adventist Health White Memorial,106190878,TAVR In-hospital/30-day stroke,"9,064",183,2.02,35,1,2.86,2.21,2.61,0.07,14.56,Average,34.0492967,-118.2171632
2023,Alameda,Sutter Health,Alta Bates Summit Medical Center,106010937,TAVR In-hospital/30-day mortality,"9,064",181,2.00,97,1,1.03,1.87,1.10,0.03,6.14,Average,37.821175,-122.26304
2023,Alameda,Sutter Health,Alta Bates Summit Medical Center,106010937,TAVR In-hospital/30-day stroke,"9,064",183,2.02,97,1,1.03,1.75,1.19,0.03,6.64,Average,37.821175,-122.26304
2023,Los Angeles,Independent/Other,Antelope Valley Medical Center,106190034,TAVR In-hospital/30-day mortality,"9,064",181,2.00,56,2,3.57,2.94,2.43,0.29,8.76,Average,34.6882482,-118.1591527
2023,Los Angeles,Independent/Other,Antelope Valley Medical Center,106190034,TAVR In-hospital/30-day stroke,"9,064",183,2.02,56,3,5.36,2.32,4.67,0.96,13.66,Average,34.6882482,-118.1591527
2023,Kern,Independent/Other,Bakersfield Heart Hospital,106154101,TAVR In-hospital/30-day mortality,"9,064",181,2.00,25,0,0.00,1.52,0.00,0.00,19.47,Average,35.3847081,-119.0399171
2023,Kern,Independent/Other,Bakersfield Heart Hospital,106154101,TAVR In-hospital/30-day stroke,"9,064",183,2.02,25,0,0.00,1.73,0.00,0.00,17.20,Average,35.3847081,-119.0399171
2023,Kern,Dignity Health,Bakersfield Memorial Hospital,106150722,TAVR In-hospital/30-day mortality,"9,064",181,2.00,106,2,1.89,1.38,2.74,0.33,9.89,Average,35.3928295,-119.0061541
2023,Kern,Dignity Health,Bakersfield Memorial Hospital,106150722,TAVR In-hospital/30-day stroke,"9,064",183,2.02,106,1,0.94,1.66,1.15,0.03,6.39,Average,35.3928295,-119.0061541
2023,San Francisco,Sutter Health,California Pacific Medical Center – Van Ness Campus,106384176,TAVR In-hospital/30-day mortality,"9,064",181,2.00,131,6,4.58,1.75,5.22,1.92,11.37,Average,37.7860406,-122.4227467
2023,San Francisco,Sutter Health,California Pacific Medical Center – Van Ness Campus,106384176,TAVR In-hospital/30-day stroke,"9,064",183,2.02,131,3,2.29,1.89,2.44,0.50,7.14,Average,37.7860406,-122.4227467
2023,Los Angeles,Cedars-Sinai Health System,Cedars – Sinai Medical Center,106190555,TAVR In-hospital/30-day mortality,"9,064",181,2.00,518,9,1.74,1.74,2.00,0.91,3.79,Average,34.0749961,-118.3805638
2023,Los Angeles,Cedars-Sinai Health System,Cedars – Sinai Medical Center,106190555,TAVR In-hospital/30-day stroke,"9,064",183,2.02,518,7,1.35,2.33,1.17,0.47,2.42,Average,34.0749961,-118.3805638
2023,Monterey,Independent/Other,Community Hospital of the Monterey Peninsula,106270744,TAVR In-hospital/30-day mortality,"9,064",181,2.00,55,0,0.00,1.76,0.00,0.00,7.61,Average,36.5785609,-121.9134061
2023,Monterey,Independent/Other,Community Hospital of the Monterey Peninsula,106270744,TAVR In-hospital/30-day stroke,"9,064",183,2.02,55,0,0.00,2.37,0.00,0.00,5.71,Average,36.5785609,-121.9134061
2023,Ventura,Independent/Other,Community Memorial Hospital – San Buenaventura,106560473,TAVR In-hospital/30-day mortality,"9,064",181,2.00,110,1,0.91,1.77,1.03,0.03,5.73,Average,34.2745504,-119.2574226
2023,Ventura,Independent/Other,Community Memorial Hospital – San Buenaventura,106560473,TAVR In-hospital/30-day stroke,"9,064",183,2.02,110,2,1.82,1.72,2.14,0.26,7.74,Average,34.2745504,-119.2574226
2023,Stanislaus,Tenet Healthcare Corporation,Doctors Medical Center,106500852,TAVR In-hospital/30-day mortality,"9,064",181,2.00,105,3,2.86,1.78,3.21,0.66,9.37,Average,37.66575,-120.9973109
2023,Stanislaus,Tenet Healthcare Corporation,Doctors Medical Center,106500852,TAVR In-hospital/30-day stroke,"9,064",183,2.02,105,4,3.81,1.65,4.65,1.27,11.92,Average,37.66575,-120.9973109
2023,Santa Cruz,Dignity Health,Dominican Hospital,106440755,TAVR In-hospital/30-day mortality,"9,064",181,2.00,41,0,0.00,1.55,0.00,0.00,11.62,Average,36.989473,-121.9844119
2023,Santa Cruz,Dignity Health,Dominican Hospital,106440755,TAVR In-hospital/30-day stroke,"9,064",183,2.02,41,0,0.00,1.93,0.00,0.00,9.42,Average,36.989473,-121.9844119
2023,Riverside,Independent/Other,Eisenhower Medical Center,106331168,TAVR In-hospital/30-day mortality,"9,064",181,2.00,162,3,1.85,1.89,1.96,0.40,5.72,Average,33.7641808,-116.4026466
2023,Riverside,Independent/Other,Eisenhower Medical Center,106331168,TAVR In-hospital/30-day stroke,"9,064",183,2.02,162,3,1.85,1.89,1.98,0.41,5.77,Average,33.7641808,-116.4026466
2023,Santa Clara,Independent/Other,El Camino Health,106430763,TAVR In-hospital/30-day mortality,"9,064",181,2.00,107,0,0.00,1.76,0.00,0.00,3.91,Average,37.3692312,-122.079404
2023,Santa Clara,Independent/Other,El Camino Health,106430763,TAVR In-hospital/30-day stroke,"9,064",183,2.02,107,2,1.87,1.92,1.97,0.24,7.11,Average,37.3692312,-122.079404
2023,Los Angeles,Emanate Health,Emanate Health Inter – Community Hospital,106190413,TAVR In-hospital/30-day mortality,"9,064",181,2.00,62,1,1.61,1.86,1.74,0.04,9.68,Average,34.088233,-117.8937523
2023,Los Angeles,Emanate Health,Emanate Health Inter – Community Hospital,106190413,TAVR In-hospital/30-day stroke,"9,064",183,2.02,62,1,1.61,1.64,1.98,0.05,11.04,Average,34.088233,-117.8937523
2023,Butte,Enloe Health,Enloe Health,106040962,TAVR In-hospital/30-day mortality,"9,064",181,2.00,108,1,0.93,1.25,1.48,0.04,8.23,Average,39.7425867,-121.849727
2023,Butte,Enloe Health,Enloe Health,106040962,TAVR In-hospital/30-day stroke,"9,064",183,2.02,108,0,0.00,1.53,0.00,0.00,4.52,Average,39.7425867,-121.849727
2023,San Luis Obispo,Dignity Health,French Hospital Medical Center,106400480,TAVR In-hospital/30-day mortality,"9,064",181,2.00,70,1,1.43,1.56,1.83,0.05,10.20,Average,35.2779659,-120.6512671
2023,San Luis Obispo,Dignity Health,French Hospital Medical Center,106400480,TAVR In-hospital/30-day stroke,"9,064",183,2.02,70,0,0.00,1.64,0.00,0.00,6.51,Average,35.2779659,-120.6512671
2023,Fresno,Independent/Other,Fresno Heart and Surgical Hospital,106105029,TAVR In-hospital/30-day mortality,"9,064",181,2.00,149,2,1.34,1.99,1.35,0.16,4.88,Average,36.8600367,-119.7886341
2023,Fresno,Independent/Other,Fresno Heart and Surgical Hospital,106105029,TAVR In-hospital/30-day stroke,"9,064",183,2.02,149,2,1.34,1.59,1.71,0.21,6.17,Average,36.8600367,-119.7886341
2023,Los Angeles,"AHMC Healthcare, Inc.",Garfield Medical Center,106190315,TAVR In-hospital/30-day mortality,"9,064",181,2.00,10,1,10.00,2.27,8.80,0.22,49.01,Average,34.0680808,-118.1231228
2023,Los Angeles,"AHMC Healthcare, Inc.",Garfield Medical Center,106190315,TAVR In-hospital/30-day stroke,"9,064",183,2.02,10,0,0.00,2.27,0.00,0.00,32.83,Average,34.0680808,-118.1231228
2023,Santa Clara,HCA Healthcare Corporation,Good Samaritan Hospital – San Jose,106430779,TAVR In-hospital/30-day mortality,"9,064",181,2.00,22,1,4.55,1.79,5.07,0.13,28.27,Average,37.2531634,-121.9474221
2023,Santa Clara,HCA Healthcare Corporation,Good Samaritan Hospital – San Jose,106430779,TAVR In-hospital/30-day stroke,"9,064",183,2.02,22,1,4.55,1.72,5.35,0.14,29.81,Average,37.2531634,-121.9474221
2023,San Diego,Sharp Healthcare,Grossmont Hospital,106370714,TAVR In-hospital/30-day mortality,"9,064",181,2.00,79,3,3.80,3.60,2.11,0.43,6.16,Average,32.7807472,-117.007184
2023,San Diego,Sharp Healthcare,Grossmont Hospital,106370714,TAVR In-hospital/30-day stroke,"9,064",183,2.02,79,0,0.00,2.21,0.00,0.00,4.26,Average,32.7807472,-117.007184
2023,Los Angeles,Independent/Other,Henry Mayo Newhall Hospital,106190949,TAVR In-hospital/30-day mortality,"9,064",181,2.00,29,0,0.00,1.48,0.00,0.00,17.14,Average,34.3984849,-118.5532663
2023,Los Angeles,Independent/Other,Henry Mayo Newhall Hospital,106190949,TAVR In-hospital/30-day stroke,"9,064",183,2.02,29,0,0.00,1.81,0.00,0.00,14.23,Average,34.3984849,-118.5532663
2023,Orange,Providence St. Joseph Health,Hoag Memorial Hospital Presbyterian,106301205,TAVR In-hospital/30-day mortality,"9,064",181,2.00,134,2,1.49,1.95,1.53,0.19,5.54,Average,33.6247365,-117.9297422
2023,Orange,Providence St. Joseph Health,Hoag Memorial Hospital Presbyterian,106301205,TAVR In-hospital/30-day stroke,"9,064",183,2.02,134,4,2.99,1.72,3.51,0.96,8.99,Average,33.6247365,-117.9297422
2023,Los Angeles,Independent/Other,Huntington Hospital,106190400,TAVR In-hospital/30-day mortality,"9,064",181,2.00,125,1,0.80,2.04,0.79,0.02,4.38,Average,34.1343163,-118.1529214
2023,Los Angeles,Independent/Other,Huntington Hospital,106190400,TAVR In-hospital/30-day stroke,"9,064",183,2.02,125,3,2.40,2.19,2.21,0.46,6.47,Average,34.1343163,-118.1529214
2023,Contra Costa,John Muir Health,John Muir Medical Center – Concord Medical Center,106071018,TAVR In-hospital/30-day mortality,"9,064",181,2.00,141,2,1.42,1.59,1.79,0.22,6.46,Average,37.9851726,-122.0336632
2023,Contra Costa,John Muir Health,John Muir Medical Center – Concord Medical Center,106071018,TAVR In-hospital/30-day stroke,"9,064",183,2.02,141,9,6.38,2.14,6.02,2.75,11.42,Worse,37.9851726,-122.0336632
2023,San Bernardino,Kaiser Foundation Hospitals,Kaiser Foundation Hospital – Fontana,106361223,TAVR In-hospital/30-day mortality,"9,064",181,2.00,129,3,2.33,1.77,2.62,0.54,7.67,Average,34.0734623,-117.434366
2023,San Bernardino,Kaiser Foundation Hospitals,Kaiser Foundation Hospital – Fontana,106361223,TAVR In-hospital/30-day stroke,"9,064",183,2.02,129,1,0.78,2.19,0.71,0.02,3.97,Average,34.0734623,-117.434366
2023,Los Angeles,Kaiser Foundation Hospitals,Kaiser Foundation Hospital – Los Angeles,106190429,TAVR In-hospital/30-day mortality,"9,064",181,2.00,281,8,2.85,2.28,2.50,1.08,4.93,Average,34.0989348,-118.2940915
2023,Los Angeles,Kaiser Foundation Hospitals,Kaiser Foundation Hospital – Los Angeles,106190429,TAVR In-hospital/30-day stroke,"9,064",183,2.02,281,4,1.42,2.09,1.37,0.37,3.52,Average,34.0989348,-118.2940915
2023,San Francisco,Kaiser Foundation Hospitals,Kaiser Foundation Hospital – San Francisco,106380857,TAVR In-hospital/30-day mortality,"9,064",181,2.00,404,10,2.48,2.14,2.31,1.11,4.26,Average,37.7826471,-122.4432378
2023,San Francisco,Kaiser Foundation Hospitals,Kaiser Foundation Hospital – San Francisco,106380857,TAVR In-hospital/30-day stroke,"9,064",183,2.02,404,11,2.72,2.21,2.49,1.24,4.45,Average,37.7826471,-122.4432378
2023,Santa Clara,Kaiser Foundation Hospitals,Kaiser Foundation Hospital – Santa Clara,106434153,TAVR In-hospital/30-day mortality,"9,064",181,2.00,350,6,1.71,1.56,2.19,0.80,4.77,Average,37.3362374,-121.998538
2023,Santa Clara,Kaiser Foundation Hospitals,Kaiser Foundation Hospital – Santa Clara,106434153,TAVR In-hospital/30-day stroke,"9,064",183,2.02,350,6,1.71,1.87,1.85,0.68,4.04,Average,37.3362374,-121.998538
2023,Tulare,Kaweah Health,Kaweah Health Medical Center,106540734,TAVR In-hospital/30-day mortality,"9,064",181,2.00,74,1,1.35,2.33,1.16,0.03,6.47,Average,36.328572,-119.2949582
2023,Tulare,Kaweah Health,Kaweah Health Medical Center,106540734,TAVR In-hospital/30-day stroke,"9,064",183,2.02,74,1,1.35,2.23,1.23,0.03,6.83,Average,36.328572,-119.2949582
2023,Los Angeles,University of Southern California,Keck Hospital of USC,106194219,TAVR In-hospital/30-day mortality,"9,064",181,2.00,117,3,2.56,2.70,1.90,0.39,5.55,Average,34.0620584,-118.2012738
2023,Los Angeles,University of Southern California,Keck Hospital of USC,106194219,TAVR In-hospital/30-day stroke,"9,064",183,2.02,117,0,0.00,2.10,0.00,0.00,3.03,Average,34.0620584,-118.2012738
2023,San Bernardino,Loma Linda University,Loma Linda University Medical Center,106361246,TAVR In-hospital/30-day mortality,"9,064",181,2.00,168,6,3.57,2.62,2.72,1.00,5.93,Average,34.0494519,-117.2641774
2023,San Bernardino,Loma Linda University,Loma Linda University Medical Center,106361246,TAVR In-hospital/30-day stroke,"9,064",183,2.02,168,1,0.60,2.00,0.60,0.02,3.35,Average,34.0494519,-117.2641774
2023,Riverside,Loma Linda University,Loma Linda University Medical Center – Murrieta,106334589,TAVR In-hospital/30-day mortality,"9,064",181,2.00,88,1,1.14,2.15,1.05,0.03,5.88,Average,33.6147303,-117.1698557
2023,Riverside,Loma Linda University,Loma Linda University Medical Center – Murrieta,106334589,TAVR In-hospital/30-day stroke,"9,064",183,2.02,88,1,1.14,2.13,1.08,0.03,6.01,Average,33.6147303,-117.1698557
2023,Ventura,HCA Healthcare Corporation,Los Robles Hospital & Medical Center,106560492,TAVR In-hospital/30-day mortality,"9,064",181,2.00,93,2,2.15,1.52,2.83,0.34,10.21,Average,34.2067796,-118.8830898
2023,Ventura,HCA Healthcare Corporation,Los Robles Hospital & Medical Center,106560492,TAVR In-hospital/30-day stroke,"9,064",183,2.02,93,3,3.23,1.82,3.58,0.74,10.46,Average,34.2067796,-118.8830898
2023,Santa Barbara,Dignity Health,Marian Regional Medical Center,106420493,TAVR In-hospital/30-day mortality,"9,064",181,2.00,49,0,0.00,1.27,0.00,0.00,11.82,Average,34.9509201,-120.4131853
2023,Santa Barbara,Dignity Health,Marian Regional Medical Center,106420493,TAVR In-hospital/30-day stroke,"9,064",183,2.02,49,0,0.00,1.86,0.00,0.00,8.16,Average,34.9509201,-120.4131853
2023,Marin,Independent/Other,MarinHealth Medical Center,106211006,TAVR In-hospital/30-day mortality,"9,064",181,2.00,89,0,0.00,1.19,0.00,0.00,6.99,Average,37.9466692,-122.5358494
2023,Marin,Independent/Other,MarinHealth Medical Center,106211006,TAVR In-hospital/30-day stroke,"9,064",183,2.02,89,1,1.12,1.83,1.24,0.03,6.93,Average,37.9466692,-122.5358494
2023,Stanislaus,Sutter Health,Memorial Medical Center – Modesto,106500939,TAVR In-hospital/30-day mortality,"9,064",181,2.00,101,1,0.99,1.93,1.03,0.03,5.71,Average,37.6686472,-120.9746362
2023,Stanislaus,Sutter Health,Memorial Medical Center – Modesto,106500939,TAVR In-hospital/30-day stroke,"9,064",183,2.02,101,2,1.98,1.90,2.11,0.26,7.61,Average,37.6686472,-120.9746362
2023,Los Angeles,MemorialCare,MemorialCare Long Beach Medical Center,106190525,TAVR In-hospital/30-day mortality,"9,064",181,2.00,82,1,1.22,2.52,0.97,0.02,5.38,Average,33.8083474,-118.1867193
2023,Los Angeles,MemorialCare,MemorialCare Long Beach Medical Center,106190525,TAVR In-hospital/30-day stroke,"9,064",183,2.02,82,2,2.44,2.64,1.86,0.23,6.74,Average,33.8083474,-118.1867193
2023,Orange,MemorialCare,MemorialCare Orange Coast Medical Center,106300225,TAVR In-hospital/30-day mortality,"9,064",181,2.00,42,0,0.00,1.93,0.00,0.00,9.09,Average,33.7004664,-117.9557452
2023,Orange,MemorialCare,MemorialCare Orange Coast Medical Center,106300225,TAVR In-hospital/30-day stroke,"9,064",183,2.02,42,1,2.38,2.19,2.20,0.06,12.26,Average,33.7004664,-117.9557452
2023,Orange,MemorialCare,MemorialCare Saddleback Medical Center,106301317,TAVR In-hospital/30-day mortality,"9,064",181,2.00,68,1,1.47,1.59,1.85,0.05,10.31,Average,33.6093252,-117.7089298
2023,Orange,MemorialCare,MemorialCare Saddleback Medical Center,106301317,TAVR In-hospital/30-day stroke,"9,064",183,2.02,68,3,4.41,1.71,5.21,1.08,15.24,Average,33.6093252,-117.7089298
2023,Sacramento,Dignity Health,Mercy General Hospital,106340947,TAVR In-hospital/30-day mortality,"9,064",181,2.00,381,6,1.57,1.63,1.93,0.71,4.21,Average,38.5707065,-121.4528888
2023,Sacramento,Dignity Health,Mercy General Hospital,106340947,TAVR In-hospital/30-day stroke,"9,064",183,2.02,381,5,1.31,1.77,1.50,0.49,3.49,Average,38.5707065,-121.4528888
2023,San Mateo,Sutter Health,Mills-Peninsula Medical Center,106410852,TAVR In-hospital/30-day mortality,"9,064",181,2.00,69,3,4.35,1.82,4.78,0.99,13.97,Average,37.5918122,-122.3833296
2023,San Mateo,Sutter Health,Mills-Peninsula Medical Center,106410852,TAVR In-hospital/30-day stroke,"9,064",183,2.02,69,2,2.90,2.63,2.23,0.27,8.04,Average,37.5918122,-122.3833296
2023,Solano,Independent/Other,NorthBay Medical Center,106481357,TAVR In-hospital/30-day mortality,"9,064",181,2.00,20,1,5.00,1.32,7.57,0.19,42.18,Average,38.2620091,-122.0473434
2023,Solano,Independent/Other,NorthBay Medical Center,106481357,TAVR In-hospital/30-day stroke,"9,064",183,2.02,20,0,0.00,1.75,0.00,0.00,21.24,Average,38.2620091,-122.0473434
2023,Los Angeles,Dignity Health,Northridge Hospital Medical Center,106190568,TAVR In-hospital/30-day mortality,"9,064",181,2.00,44,0,0.00,1.73,0.00,0.00,9.66,Average,34.2201753,-118.5335837
2023,Los Angeles,Dignity Health,Northridge Hospital Medical Center,106190568,TAVR In-hospital/30-day stroke,"9,064",183,2.02,44,0,0.00,1.76,0.00,0.00,9.65,Average,34.2201753,-118.5335837
2023,Santa Clara,Verity Health System,O'Connor Hospital,106430837,TAVR In-hospital/30-day mortality,"9,064",181,2.00,25,1,4.00,1.61,4.97,0.13,27.70,Average,37.3276348,-121.9388672
2023,Santa Clara,Verity Health System,O'Connor Hospital,106430837,TAVR In-hospital/30-day stroke,"9,064",183,2.02,25,1,4.00,1.68,4.81,0.12,26.81,Average,37.3276348,-121.9388672
2023,San Diego,Palomar Health,Palomar Medical Center,106374382,TAVR In-hospital/30-day mortality,"9,064",181,2.00,74,1,1.35,2.33,1.16,0.03,6.46,Average,33.0978509,-117.1109207
2023,San Diego,Palomar Health,Palomar Medical Center,106374382,TAVR In-hospital/30-day stroke,"9,064",183,2.02,74,0,0.00,2.02,0.00,0.00,4.98,Average,33.0978509,-117.1109207
2023,Los Angeles,PIH Health,PIH Health Good Samaritan Hospital,106190392,TAVR In-hospital/30-day mortality,"9,064",181,2.00,107,6,5.61,2.43,4.61,1.69,10.03,Average,34.054581,-118.2654301
2023,Los Angeles,PIH Health,PIH Health Good Samaritan Hospital,106190392,TAVR In-hospital/30-day stroke,"9,064",183,2.02,107,5,4.67,2.23,4.23,1.37,9.87,Average,34.054581,-118.2654301
2023,Los Angeles,PIH Health,PIH Health Whittier Hospital,106190631,TAVR In-hospital/30-day mortality,"9,064",181,2.00,38,0,0.00,1.74,0.00,0.00,11.19,Average,33.9690304,-118.0490717
2023,Los Angeles,PIH Health,PIH Health Whittier Hospital,106190631,TAVR In-hospital/30-day stroke,"9,064",183,2.02,38,0,0.00,1.81,0.00,0.00,10.84,Average,33.9690304,-118.0490717
2023,Los Angeles,Independent/Other,Pomona Valley Hospital Medical Center,106190630,TAVR In-hospital/30-day mortality,"9,064",181,2.00,31,1,3.23,1.73,3.74,0.09,20.83,Average,34.0768776,-117.7516647
2023,Los Angeles,Independent/Other,Pomona Valley Hospital Medical Center,106190630,TAVR In-hospital/30-day stroke,"9,064",183,2.02,31,2,6.45,1.95,6.68,0.81,24.14,Average,34.0768776,-117.7516647
2023,Los Angeles,Providence St. Joseph Health,Providence Little Company of Mary Medical Center – Torrance,106190470,TAVR In-hospital/30-day mortality,"9,064",181,2.00,25,0,0.00,1.44,0.00,0.00,20.52,Average,33.8384678,-118.3572436
2023,Los Angeles,Providence St. Joseph Health,Providence Little Company of Mary Medical Center – Torrance,106190470,TAVR In-hospital/30-day stroke,"9,064",183,2.02,25,0,0.00,2.17,0.00,0.00,13.75,Average,33.8384678,-118.3572436
2023,Orange,Providence St. Joseph Health,Providence Mission Hospital,106301262,TAVR In-hospital/30-day mortality,"9,064",181,2.00,43,0,0.00,1.69,0.00,0.00,10.12,Average,33.5610058,-117.6653706
2023,Orange,Providence St. Joseph Health,Providence Mission Hospital,106301262,TAVR In-hospital/30-day stroke,"9,064",183,2.02,43,1,2.33,1.66,2.83,0.07,15.78,Average,33.5610058,-117.6653706
2023,Los Angeles,Providence St. Joseph Health,Providence Saint John's Health Center,106190756,TAVR In-hospital/30-day mortality,"9,064",181,2.00,89,0,0.00,1.97,0.00,0.00,4.21,Average,34.0307739,-118.4796445
2023,Los Angeles,Providence St. Joseph Health,Providence Saint John's Health Center,106190756,TAVR In-hospital/30-day stroke,"9,064",183,2.02,89,1,1.12,1.83,1.24,0.03,6.92,Average,34.0307739,-118.4796445
2023,Los Angeles,Providence St. Joseph Health,Providence Saint Joseph Medical Center,106190758,TAVR In-hospital/30-day mortality,"9,064",181,2.00,51,3,5.88,1.57,7.50,1.55,21.93,Average,34.1572533,-118.3292851
2023,Los Angeles,Providence St. Joseph Health,Providence Saint Joseph Medical Center,106190758,TAVR In-hospital/30-day stroke,"9,064",183,2.02,51,1,1.96,2.14,1.85,0.05,10.31,Average,34.1572533,-118.3292851
2023,Sonoma,Providence St. Joseph Health,Providence Santa Rosa Memorial Hospital – Montgomery,106491064,TAVR In-hospital/30-day mortality,"9,064",181,2.00,111,2,1.80,1.41,2.55,0.31,9.22,Average,38.4437589,-122.7011068
2023,Sonoma,Providence St. Joseph Health,Providence Santa Rosa Memorial Hospital – Montgomery,106491064,TAVR In-hospital/30-day stroke,"9,064",183,2.02,111,1,0.90,1.92,0.95,0.02,5.28,Average,38.4437589,-122.7011068
2023,Orange,Providence St. Joseph Health,Providence St. Joseph Hospital,106301340,TAVR In-hospital/30-day mortality,"9,064",181,2.00,195,3,1.54,2.47,1.25,0.26,3.64,Average,33.781686,-117.864484
2023,Orange,Providence St. Joseph Health,Providence St. Joseph Hospital,106301340,TAVR In-hospital/30-day stroke,"9,064",183,2.02,195,3,1.54,1.88,1.65,0.34,4.83,Average,33.781686,-117.864484
2023,Orange,Providence St. Joseph Health,Providence St. Jude Medical Center,106301342,TAVR In-hospital/30-day mortality,"9,064",181,2.00,61,4,6.56,2.40,5.46,1.49,13.97,Average,33.8943501,-117.92786
2023,Orange,Providence St. Joseph Health,Providence St. Jude Medical Center,106301342,TAVR In-hospital/30-day stroke,"9,064",183,2.02,61,1,1.64,1.85,1.79,0.05,9.96,Average,33.8943501,-117.92786
2023,Riverside,HCA Healthcare Corporation,Riverside Community Hospital,106331312,TAVR In-hospital/30-day mortality,"9,064",181,2.00,48,1,2.08,1.97,2.11,0.05,11.77,Average,33.9772213,-117.3815694
2023,Riverside,HCA Healthcare Corporation,Riverside Community Hospital,106331312,TAVR In-hospital/30-day stroke,"9,064",183,2.02,48,1,2.08,2.14,1.97,0.05,10.95,Average,33.9772213,-117.3815694
2023,Los Angeles,University of California,Ronald Reagan UCLA Medical Center,106190796,TAVR In-hospital/30-day mortality,"9,064",181,2.00,150,4,2.67,2.08,2.56,0.70,6.56,Average,34.0664764,-118.4465738
2023,Los Angeles,University of California,Ronald Reagan UCLA Medical Center,106190796,TAVR In-hospital/30-day stroke,"9,064",183,2.02,150,4,2.67,2.04,2.64,0.72,6.75,Average,34.0664764,-118.4465738
2023,Fresno,Independent/Other,Saint Agnes Medical Center,106100899,TAVR In-hospital/30-day mortality,"9,064",181,2.00,149,1,0.67,1.70,0.79,0.02,4.41,Average,36.8342377,-119.763776
2023,Fresno,Independent/Other,Saint Agnes Medical Center,106100899,TAVR In-hospital/30-day stroke,"9,064",183,2.02,149,2,1.34,1.81,1.50,0.18,5.41,Average,36.8342377,-119.763776
2023,Monterey,Independent/Other,Salinas Valley Health Medical Center,106270875,TAVR In-hospital/30-day mortality,"9,064",181,2.00,45,1,2.22,1.74,2.56,0.06,14.27,Average,36.6594918,-121.6456896
2023,Monterey,Independent/Other,Salinas Valley Health Medical Center,106270875,TAVR In-hospital/30-day stroke,"9,064",183,2.02,45,3,6.67,2.03,6.65,1.37,19.43,Average,36.6594918,-121.6456896
2023,San Bernardino,Independent/Other,San Antonio Regional Hospital,106361318,TAVR In-hospital/30-day mortality,"9,064",181,2.00,72,0,0.00,1.92,0.00,0.00,5.34,Average,34.101896,-117.637482
2023,San Bernardino,Independent/Other,San Antonio Regional Hospital,106361318,TAVR In-hospital/30-day stroke,"9,064",183,2.02,72,1,1.39,1.81,1.55,0.04,8.63,Average,34.101896,-117.637482
2023,Santa Barbara,Cottage Health,Santa Barbara Cottage Hospital,106420514,TAVR In-hospital/30-day mortality,"9,064",181,2.00,133,0,0.00,1.84,0.00,0.00,3.02,Average,34.4295556,-119.7243225
2023,Santa Barbara,Cottage Health,Santa Barbara Cottage Hospital,106420514,TAVR In-hospital/30-day stroke,"9,064",183,2.02,133,4,3.01,2.22,2.74,0.75,7.00,Average,34.4295556,-119.7243225
2023,San Diego,Scripps Health,Scripps Memorial Hospital – La Jolla,106370771,TAVR In-hospital/30-day mortality,"9,064",181,2.00,449,12,2.67,1.68,3.18,1.64,5.56,Average,32.8851544,-117.2255383
2023,San Diego,Scripps Health,Scripps Memorial Hospital – La Jolla,106370771,TAVR In-hospital/30-day stroke,"9,064",183,2.02,449,12,2.67,2.19,2.47,1.27,4.31,Average,32.8851544,-117.2255383
2023,San Diego,Scripps Health,Scripps Mercy Hospital,106370744,TAVR In-hospital/30-day mortality,"9,064",181,2.00,79,2,2.53,1.57,3.22,0.39,11.63,Average,32.7511432,-117.1608129
2023,San Diego,Scripps Health,Scripps Mercy Hospital,106370744,TAVR In-hospital/30-day stroke,"9,064",183,2.02,79,1,1.27,2.04,1.25,0.03,6.98,Average,32.7511432,-117.1608129
2023,San Mateo,Dignity Health,Sequoia Hospital,106410891,TAVR In-hospital/30-day mortality,"9,064",181,2.00,35,1,2.86,1.34,4.27,0.11,23.77,Average,37.479843,-122.2546654
2023,San Mateo,Dignity Health,Sequoia Hospital,106410891,TAVR In-hospital/30-day stroke,"9,064",183,2.02,35,1,2.86,1.43,4.03,0.10,22.47,Average,37.479843,-122.2546654
2023,San Diego,Sharp Healthcare,Sharp Chula Vista Medical Center,106370875,TAVR In-hospital/30-day mortality,"9,064",181,2.00,108,3,2.78,2.30,2.42,0.50,7.07,Average,32.6196499,-117.0232636
2023,San Diego,Sharp Healthcare,Sharp Chula Vista Medical Center,106370875,TAVR In-hospital/30-day stroke,"9,064",183,2.02,108,3,2.78,2.03,2.77,0.57,8.09,Average,32.6196499,-117.0232636
2023,San Diego,Sharp Healthcare,Sharp Memorial Hospital,106370694,TAVR In-hospital/30-day mortality,"9,064",181,2.00,101,3,2.97,1.79,3.31,0.68,9.68,Average,32.7995207,-117.1546027
2023,San Diego,Sharp Healthcare,Sharp Memorial Hospital,106370694,TAVR In-hospital/30-day stroke,"9,064",183,2.02,101,5,4.95,1.98,5.06,1.64,11.81,Average,32.7995207,-117.1546027
2023,Shasta,Prime Healthcare Services,Shasta Regional Medical Center,106450940,TAVR In-hospital/30-day mortality,"9,064",181,2.00,123,3,2.44,1.55,3.14,0.65,9.18,Average,40.5855541,-122.3877573
2023,Shasta,Prime Healthcare Services,Shasta Regional Medical Center,106450940,TAVR In-hospital/30-day stroke,"9,064",183,2.02,123,0,0.00,1.73,0.00,0.00,3.49,Average,40.5855541,-122.3877573
2023,San Bernardino,Dignity Health,St. Bernardine Medical Center,106361339,TAVR In-hospital/30-day mortality,"9,064",181,2.00,58,2,3.45,1.17,5.90,0.71,21.32,Average,34.1350497,-117.2772597
2023,San Bernardino,Dignity Health,St. Bernardine Medical Center,106361339,TAVR In-hospital/30-day stroke,"9,064",183,2.02,58,1,1.72,1.81,1.92,0.05,10.72,Average,34.1350497,-117.2772597
2023,Ventura,Dignity Health,St. John's Regional Medical Center,106560529,TAVR In-hospital/30-day mortality,"9,064",181,2.00,34,0,0.00,1.95,0.00,0.00,11.12,Average,34.2163022,-119.1558102
2023,Ventura,Dignity Health,St. John's Regional Medical Center,106560529,TAVR In-hospital/30-day stroke,"9,064",183,2.02,34,2,5.88,2.15,5.54,0.67,20.01,Average,34.2163022,-119.1558102
2023,San Joaquin,Dignity Health,St. Joseph's Medical Center of Stockton,106391042,TAVR In-hospital/30-day mortality,"9,064",181,2.00,90,3,3.33,1.50,4.46,0.92,13.03,Average,37.9698831,-121.2886669
2023,San Joaquin,Dignity Health,St. Joseph's Medical Center of Stockton,106391042,TAVR In-hospital/30-day stroke,"9,064",183,2.02,90,2,2.22,1.74,2.58,0.31,9.32,Average,37.9698831,-121.2886669
2023,Santa Clara,Stanford Medicine,Stanford Health Care,106430905,TAVR In-hospital/30-day mortality,"9,064",181,2.00,268,5,1.87,2.81,1.33,0.43,3.10,Average,37.4330746,-122.1750485
2023,Santa Clara,Stanford Medicine,Stanford Health Care,106430905,TAVR In-hospital/30-day stroke,"9,064",183,2.02,268,8,2.99,2.73,2.21,0.95,4.35,Average,37.4330746,-122.1750485
2023,Alameda,Stanford Medicine,Stanford Health Care Tri-Valley,106014050,TAVR In-hospital/30-day mortality,"9,064",181,2.00,25,0,0.00,1.55,0.00,0.00,19.07,Average,37.6933946,-121.8803417
2023,Alameda,Stanford Medicine,Stanford Health Care Tri-Valley,106014050,TAVR In-hospital/30-day stroke,"9,064",183,2.02,25,0,0.00,1.75,0.00,0.00,17.08,Average,37.6933946,-121.8803417
2023,Sacramento,Sutter Health,Sutter Medical Center – Sacramento,106341051,TAVR In-hospital/30-day mortality,"9,064",181,2.00,255,3,1.18,2.33,1.01,0.21,2.96,Average,38.5709021,-121.4694505
2023,Sacramento,Sutter Health,Sutter Medical Center – Sacramento,106341051,TAVR In-hospital/30-day stroke,"9,064",183,2.02,255,3,1.18,2.05,1.16,0.24,3.39,Average,38.5709021,-121.4694505
2023,Riverside,"Universal Health Services, Inc.",Temecula Valley Hospital,106334564,TAVR In-hospital/30-day mortality,"9,064",181,2.00,35,1,2.86,1.75,3.26,0.08,18.15,Average,33.480114,-117.1068419
2023,Riverside,"Universal Health Services, Inc.",Temecula Valley Hospital,106334564,TAVR In-hospital/30-day stroke,"9,064",183,2.02,35,1,2.86,2.05,2.81,0.07,15.67,Average,33.480114,-117.1068419
2023,Los Angeles,Cedars-Sinai Health System,Torrance Memorial Medical Center,106190422,TAVR In-hospital/30-day mortality,"9,064",181,2.00,98,5,5.10,1.36,7.53,2.44,17.57,Worse,33.8134694,-118.3441879
2023,Los Angeles,Cedars-Sinai Health System,Torrance Memorial Medical Center,106190422,TAVR In-hospital/30-day stroke,"9,064",183,2.02,98,4,4.08,2.07,3.98,1.08,10.18,Average,33.8134694,-118.3441879
2023,San Diego,Independent/Other,Tri-City Medical Center,106370780,TAVR In-hospital/30-day mortality,"9,064",181,2.00,32,0,0.00,1.97,0.00,0.00,11.72,Average,33.1856484,-117.2904359
2023,San Diego,Independent/Other,Tri-City Medical Center,106370780,TAVR In-hospital/30-day stroke,"9,064",183,2.02,32,1,3.13,2.57,2.46,0.06,13.70,Average,33.1856484,-117.2904359
2023,Sacramento,University of California,UC Davis Medical Center,106341006,TAVR In-hospital/30-day mortality,"9,064",181,2.00,160,3,1.88,2.69,1.39,0.29,4.07,Average,38.5544352,-121.4554222
2023,Sacramento,University of California,UC Davis Medical Center,106341006,TAVR In-hospital/30-day stroke,"9,064",183,2.02,160,3,1.88,1.93,1.97,0.41,5.74,Average,38.5544352,-121.4554222
2023,Los Angeles,Tenet Healthcare Corporation,UC Irvine Health – Lakewood,106190240,TAVR In-hospital/30-day mortality,"9,064",181,2.00,29,2,6.90,1.68,8.21,0.99,29.65,Average,33.8596883,-118.1482913
2023,Los Angeles,Tenet Healthcare Corporation,UC Irvine Health – Lakewood,106190240,TAVR In-hospital/30-day stroke,"9,064",183,2.02,29,1,3.45,2.08,3.35,0.08,18.64,Average,33.8596883,-118.1482913
2023,Orange,University of California,UC Irvine Medical Center,106301279,TAVR In-hospital/30-day mortality,"9,064",181,2.00,77,2,2.60,1.97,2.64,0.32,9.54,Average,33.7871265,-117.8883391
2023,Orange,University of California,UC Irvine Medical Center,106301279,TAVR In-hospital/30-day stroke,"9,064",183,2.02,77,3,3.90,2.50,3.15,0.65,9.21,Average,33.7871265,-117.8883391
2023,San Diego,University of California,UC San Diego Health La Jolla – Jacobs Medical Center & Sulpizio Cardiovascular Center,106374141,TAVR In-hospital/30-day mortality,"9,064",181,2.00,119,1,0.84,1.93,0.87,0.02,4.85,Average,32.8785055,-117.2257251
2023,San Diego,University of California,UC San Diego Health La Jolla – Jacobs Medical Center & Sulpizio Cardiovascular Center,106374141,TAVR In-hospital/30-day stroke,"9,064",183,2.02,119,4,3.36,2.08,3.26,0.89,8.36,Average,32.8785055,-117.2257251
2023,San Francisco,University of California,UC San Francisco Medical Center,106381154,TAVR In-hospital/30-day mortality,"9,064",181,2.00,98,4,4.08,1.96,4.15,1.13,10.64,Average,37.7634772,-122.4573479
2023,San Francisco,University of California,UC San Francisco Medical Center,106381154,TAVR In-hospital/30-day stroke,"9,064",183,2.02,98,3,3.06,2.03,3.04,0.63,8.89,Average,37.7634772,-122.4573479
2023,Los Angeles,HCA Healthcare Corporation,UCLA West Valley Medical Center,106190859,TAVR In-hospital/30-day mortality,"9,064",181,2.00,15,0,0.00,1.75,0.00,0.00,28.06,Average,34.2030563,-118.6298005
2023,Los Angeles,HCA Healthcare Corporation,UCLA West Valley Medical Center,106190859,TAVR In-hospital/30-day stroke,"9,064",183,2.02,15,0,0.00,2.09,0.00,0.00,23.81,Average,34.2030563,-118.6298005
2023,Alameda,Independent/Other,Washington Hospital – Fremont,106010987,TAVR In-hospital/30-day mortality,"9,064",181,2.00,16,0,0.00,2.26,0.00,0.00,20.39,Average,37.5572736,-121.9779535
2023,Alameda,Independent/Other,Washington Hospital – Fremont,106010987,TAVR In-hospital/30-day stroke,"9,064",183,2.02,16,0,0.00,2.26,0.00,0.00,20.63,Average,37.5572736,-121.9779535
2022,Los Angeles,Adventist Health Systems,Adventist Health Glendale,106190323,TAVR In-hospital/30-day mortality,"8,223",187,2.27,95,1,1.05,1.71,1.40,0.04,7.80,Average,34.1507443,-118.2291341
2022,Los Angeles,Adventist Health Systems,Adventist Health Glendale,106190323,TAVR In-hospital/30-day stroke,"8,223",161,1.96,95,0,0.00,1.55,0.00,0.00,4.90,Average,34.1507443,-118.2291341
2022,Napa,Adventist Health Systems,Adventist Health St. Helena,106281078,TAVR In-hospital/30-day mortality,"8,223",187,2.27,67,3,4.48,1.34,7.56,1.56,22.10,Average,38.5425498,-122.4748281
2022,Napa,Adventist Health Systems,Adventist Health St. Helena,106281078,TAVR In-hospital/30-day stroke,"8,223",161,1.96,67,2,2.99,1.54,3.79,0.46,13.68,Average,38.5425498,-122.4748281
2022,Los Angeles,Adventist Health Systems,Adventist Health White Memorial,106190878,TAVR In-hospital/30-day mortality,"8,223",187,2.27,32,1,3.13,1.53,4.63,0.12,25.79,Average,34.0492967,-118.2171632
2022,Los Angeles,Adventist Health Systems,Adventist Health White Memorial,106190878,TAVR In-hospital/30-day stroke,"8,223",161,1.96,32,0,0.00,1.37,0.00,0.00,16.48,Average,34.0492967,-118.2171632
2022,Alameda,Sutter Health,Alta Bates Summit Medical Center,106010937,TAVR In-hospital/30-day mortality,"8,223",187,2.27,81,1,1.23,2.08,1.35,0.03,7.49,Average,37.821175,-122.26304
2022,Alameda,Sutter Health,Alta Bates Summit Medical Center,106010937,TAVR In-hospital/30-day stroke,"8,223",161,1.96,81,0,0.00,1.52,0.00,0.00,5.88,Average,37.821175,-122.26304
2022,Los Angeles,Independent/Other,Antelope Valley Hospital,106190034,TAVR In-hospital/30-day mortality,"8,223",187,2.27,44,2,4.55,4.12,2.50,0.30,9.04,Average,34.6882482,-118.1591527
2022,Los Angeles,Independent/Other,Antelope Valley Hospital,106190034,TAVR In-hospital/30-day stroke,"8,223",161,1.96,44,1,2.27,1.58,2.81,0.07,15.67,Average,34.6882482,-118.1591527
2022,Kern,Independent/Other,Bakersfield Heart Hospital,106154101,TAVR In-hospital/30-day mortality,"8,223",187,2.27,7,0,0.00,1.23,0.00,0.00,97.07,Average,35.3847081,-119.0399171
2022,Kern,Independent/Other,Bakersfield Heart Hospital,106154101,TAVR In-hospital/30-day stroke,"8,223",161,1.96,7,0,0.00,1.29,0.00,0.00,80.24,Average,35.3847081,-119.0399171
2022,Kern,Dignity Health,Bakersfield Memorial Hospital,106150722,TAVR In-hospital/30-day mortality,"8,223",187,2.27,98,0,0.00,1.27,0.00,0.00,6.72,Average,35.3928295,-119.0061541
2022,Kern,Dignity Health,Bakersfield Memorial Hospital,106150722,TAVR In-hospital/30-day stroke,"8,223",161,1.96,98,0,0.00,1.24,0.00,0.00,5.94,Average,35.3928295,-119.0061541
2022,San Francisco,Sutter Health,California Pacific Medical Center – Van Ness Campus,106384176,TAVR In-hospital/30-day mortality,"8,223",187,2.27,140,7,5.00,3.86,2.94,1.18,6.05,Average,37.7860406,-122.4227467
2022,San Francisco,Sutter Health,California Pacific Medical Center – Van Ness Campus,106384176,TAVR In-hospital/30-day stroke,"8,223",161,1.96,140,3,2.14,2.62,1.60,0.33,4.69,Average,37.7860406,-122.4227467
2022,Los Angeles,Cedars-Sinai Health System,Cedars – Sinai Medical Center,106190555,TAVR In-hospital/30-day mortality,"8,223",187,2.27,610,15,2.46,2.54,2.20,1.23,3.63,Average,34.0749961,-118.3805638
2022,Los Angeles,Cedars-Sinai Health System,Cedars – Sinai Medical Center,106190555,TAVR In-hospital/30-day stroke,"8,223",161,1.96,610,12,1.97,2.11,1.83,0.94,3.19,Average,34.0749961,-118.3805638
2022,Monterey,Independent/Other,Community Hospital of the Monterey Peninsula,106270744,TAVR In-hospital/30-day mortality,"8,223",187,2.27,32,0,0.00,1.63,0.00,0.00,16.07,Average,36.5785609,-121.9134061
2022,Monterey,Independent/Other,Community Hospital of the Monterey Peninsula,106270744,TAVR In-hospital/30-day stroke,"8,223",161,1.96,32,2,6.25,1.79,6.84,0.83,24.72,Average,36.5785609,-121.9134061
2022,Ventura,Independent/Other,Community Memorial Hospital – San Buenaventura,106560473,TAVR In-hospital/30-day mortality,"8,223",187,2.27,102,7,6.86,2.10,7.41,2.98,15.26,Worse,34.2745504,-119.2574226
2022,Ventura,Independent/Other,Community Memorial Hospital – San Buenaventura,106560473,TAVR In-hospital/30-day stroke,"8,223",161,1.96,102,5,4.90,1.83,5.24,1.70,12.23,Average,34.2745504,-119.2574226
2022,Stanislaus,Tenet Healthcare Corporation,Doctors Medical Center,106500852,TAVR In-hospital/30-day mortality,"8,223",187,2.27,121,3,2.48,1.68,3.34,0.69,9.76,Average,37.66575,-120.9973109
2022,Stanislaus,Tenet Healthcare Corporation,Doctors Medical Center,106500852,TAVR In-hospital/30-day stroke,"8,223",161,1.96,121,2,1.65,1.59,2.03,0.25,7.35,Average,37.66575,-120.9973109
2022,Santa Cruz,Dignity Health,Dominican Hospital,106440755,TAVR In-hospital/30-day mortality,"8,223",187,2.27,43,1,2.33,1.61,3.28,0.08,18.29,Average,36.989473,-121.9844119
2022,Santa Cruz,Dignity Health,Dominican Hospital,106440755,TAVR In-hospital/30-day stroke,"8,223",161,1.96,43,0,0.00,1.78,0.00,0.00,9.45,Average,36.989473,-121.9844119
2022,Riverside,Independent/Other,Eisenhower Medical Center,106331168,TAVR In-hospital/30-day mortality,"8,223",187,2.27,192,4,2.08,2.50,1.89,0.52,4.84,Average,33.7641808,-116.4026466
2022,Riverside,Independent/Other,Eisenhower Medical Center,106331168,TAVR In-hospital/30-day stroke,"8,223",161,1.96,192,0,0.00,2.28,0.00,0.00,1.65,Better,33.7641808,-116.4026466
2022,Santa Clara,Independent/Other,El Camino Health,106430763,TAVR In-hospital/30-day mortality,"8,223",187,2.27,96,1,1.04,1.58,1.50,0.04,8.35,Average,37.3692312,-122.079404
2022,Santa Clara,Independent/Other,El Camino Health,106430763,TAVR In-hospital/30-day stroke,"8,223",161,1.96,96,2,2.08,1.66,2.46,0.30,8.88,Average,37.3692312,-122.079404
2022,Los Angeles,Independent/Other,Emanate Health Inter – Community Hospital,106190413,TAVR In-hospital/30-day mortality,"8,223",187,2.27,52,1,1.92,1.57,2.79,0.07,15.52,Average,34.088233,-117.8937523
2022,Los Angeles,Independent/Other,Emanate Health Inter – Community Hospital,106190413,TAVR In-hospital/30-day stroke,"8,223",161,1.96,52,1,1.92,1.50,2.52,0.06,14.03,Average,34.088233,-117.8937523
2022,Butte,Independent/Other,Enloe Medical Center– Esplanade,106040962,TAVR In-hospital/30-day mortality,"8,223",187,2.27,105,1,0.95,1.31,1.65,0.04,9.18,Average,39.7425867,-121.849727
2022,Butte,Independent/Other,Enloe Medical Center– Esplanade,106040962,TAVR In-hospital/30-day stroke,"8,223",161,1.96,105,3,2.86,1.48,3.79,0.78,11.08,Average,39.7425867,-121.849727
2022,San Luis Obispo,Dignity Health,French Hospital Medical Center,106400480,TAVR In-hospital/30-day mortality,"8,223",187,2.27,97,2,2.06,1.43,3.27,0.40,11.82,Average,35.2779659,-120.6512671
2022,San Luis Obispo,Dignity Health,French Hospital Medical Center,106400480,TAVR In-hospital/30-day stroke,"8,223",161,1.96,97,3,3.09,1.36,4.44,0.92,12.98,Average,35.2779659,-120.6512671
2022,Fresno,Independent/Other,Fresno Heart and Surgical Hospital,106105029,TAVR In-hospital/30-day mortality,"8,223",187,2.27,120,4,3.33,2.14,3.54,0.97,9.07,Average,36.8600367,-119.7886341
2022,Fresno,Independent/Other,Fresno Heart and Surgical Hospital,106105029,TAVR In-hospital/30-day stroke,"8,223",161,1.96,120,4,3.33,1.95,3.35,0.91,8.57,Average,36.8600367,-119.7886341
2022,Los Angeles,"AHMC Healthcare, Inc.",Garfield Medical Center,106190315,TAVR In-hospital/30-day mortality,"8,223",187,2.27,9,0,0.00,1.22,0.00,0.00,76.35,Average,34.0680808,-118.1231228
2022,Los Angeles,"AHMC Healthcare, Inc.",Garfield Medical Center,106190315,TAVR In-hospital/30-day stroke,"8,223",161,1.96,9,0,0.00,1.52,0.00,0.00,53.00,Average,34.0680808,-118.1231228
2022,Santa Clara,HCA Healthcare Corporation,Good Samaritan Hospital – San Jose,106430779,TAVR In-hospital/30-day mortality,"8,223",187,2.27,34,0,0.00,3.06,0.00,0.00,8.04,Average,37.2531634,-121.9474221
2022,Santa Clara,HCA Healthcare Corporation,Good Samaritan Hospital – San Jose,106430779,TAVR In-hospital/30-day stroke,"8,223",161,1.96,34,1,2.94,2.28,2.53,0.06,14.08,Average,37.2531634,-121.9474221
2022,San Diego,Sharp Healthcare,Grossmont Hospital,106370714,TAVR In-hospital/30-day mortality,"8,223",187,2.27,79,2,2.53,2.71,2.12,0.26,7.66,Average,32.7807472,-117.007184
2022,San Diego,Sharp Healthcare,Grossmont Hospital,106370714,TAVR In-hospital/30-day stroke,"8,223",161,1.96,79,1,1.27,1.99,1.24,0.03,6.94,Average,32.7807472,-117.007184
2022,Los Angeles,Independent/Other,Henry Mayo Newhall Hospital,106190949,TAVR In-hospital/30-day mortality,"8,223",187,2.27,37,0,0.00,1.64,0.00,0.00,13.78,Average,34.3984849,-118.5532663
2022,Los Angeles,Independent/Other,Henry Mayo Newhall Hospital,106190949,TAVR In-hospital/30-day stroke,"8,223",161,1.96,37,1,2.70,1.85,2.87,0.07,15.97,Average,34.3984849,-118.5532663
2022,Orange,Providence St. Joseph Health,Hoag Memorial Hospital Presbyterian,106301205,TAVR In-hospital/30-day mortality,"8,223",187,2.27,148,2,1.35,1.46,2.11,0.26,7.62,Average,33.6247365,-117.9297422
2022,Orange,Providence St. Joseph Health,Hoag Memorial Hospital Presbyterian,106301205,TAVR In-hospital/30-day stroke,"8,223",161,1.96,148,3,2.03,1.67,2.37,0.49,6.93,Average,33.6247365,-117.9297422
2022,Los Angeles,Independent/Other,Huntington Hospital,106190400,TAVR In-hospital/30-day mortality,"8,223",187,2.27,103,4,3.88,4.51,1.96,0.53,5.01,Average,34.1343163,-118.1529214
2022,Los Angeles,Independent/Other,Huntington Hospital,106190400,TAVR In-hospital/30-day stroke,"8,223",161,1.96,103,0,0.00,1.89,0.00,0.00,3.71,Average,34.1343163,-118.1529214
2022,Contra Costa,John Muir Health,John Muir Medical Center – Concord Campus,106071018,TAVR In-hospital/30-day mortality,"8,223",187,2.27,119,1,0.84,2.40,0.79,0.02,4.43,Average,37.9851726,-122.0336632
2022,Contra Costa,John Muir Health,John Muir Medical Center – Concord Campus,106071018,TAVR In-hospital/30-day stroke,"8,223",161,1.96,119,2,1.68,2.16,1.52,0.18,5.50,Average,37.9851726,-122.0336632
2022,San Bernardino,Kaiser Foundation Hospitals,Kaiser Foundation Hospital – Fontana,106361223,TAVR In-hospital/30-day mortality,"8,223",187,2.27,130,4,3.08,1.89,3.70,1.01,9.48,Average,34.0734623,-117.434366
2022,San Bernardino,Kaiser Foundation Hospitals,Kaiser Foundation Hospital – Fontana,106361223,TAVR In-hospital/30-day stroke,"8,223",161,1.96,130,5,3.85,2.01,3.74,1.22,8.73,Average,34.0734623,-117.434366
2022,San Francisco,Kaiser Foundation Hospitals,Kaiser Foundation Hospital – San Francisco,106380857,TAVR In-hospital/30-day mortality,"8,223",187,2.27,432,4,0.93,1.88,1.12,0.31,2.87,Average,37.7826471,-122.4432378
2022,San Francisco,Kaiser Foundation Hospitals,Kaiser Foundation Hospital – San Francisco,106380857,TAVR In-hospital/30-day stroke,"8,223",161,1.96,432,10,2.31,1.83,2.48,1.19,4.56,Average,37.7826471,-122.4432378
2022,Santa Clara,Kaiser Foundation Hospitals,Kaiser Foundation Hospital – Santa Clara,106434153,TAVR In-hospital/30-day mortality,"8,223",187,2.27,246,2,0.81,1.54,1.20,0.15,4.33,Average,37.3362374,-121.998538
2022,Santa Clara,Kaiser Foundation Hospitals,Kaiser Foundation Hospital – Santa Clara,106434153,TAVR In-hospital/30-day stroke,"8,223",161,1.96,246,5,2.03,1.79,2.23,0.72,5.20,Average,37.3362374,-121.998538
2022,Tulare,Independent/Other,Kaweah Health Medical Center,106540734,TAVR In-hospital/30-day mortality,"8,223",187,2.27,57,1,1.75,2.06,1.94,0.05,10.80,Average,36.328572,-119.2949582
2022,Tulare,Independent/Other,Kaweah Health Medical Center,106540734,TAVR In-hospital/30-day stroke,"8,223",161,1.96,57,0,0.00,1.81,0.00,0.00,7.01,Average,36.328572,-119.2949582
2022,Los Angeles,University of Southern California,Keck Hospital of USC,106194219,TAVR In-hospital/30-day mortality,"8,223",187,2.27,84,3,3.57,2.92,2.77,0.57,8.10,Average,34.0620584,-118.2012738
2022,Los Angeles,University of Southern California,Keck Hospital of USC,106194219,TAVR In-hospital/30-day stroke,"8,223",161,1.96,84,1,1.19,1.57,1.48,0.04,8.26,Average,34.0620584,-118.2012738
2022,Los Angeles,Tenet Healthcare Corporation,Lakewood Regional Medical Center,106190240,TAVR In-hospital/30-day mortality,"8,223",187,2.27,25,1,4.00,1.74,5.23,0.13,29.13,Average,33.8596883,-118.1482913
2022,Los Angeles,Tenet Healthcare Corporation,Lakewood Regional Medical Center,106190240,TAVR In-hospital/30-day stroke,"8,223",161,1.96,25,2,8.00,1.63,9.64,1.17,34.83,Average,33.8596883,-118.1482913
2022,San Bernardino,Loma Linda University,Loma Linda University Medical Center,106361246,TAVR In-hospital/30-day mortality,"8,223",187,2.27,143,1,0.70,2.11,0.75,0.02,4.19,Average,34.0494519,-117.2641774
2022,San Bernardino,Loma Linda University,Loma Linda University Medical Center,106361246,TAVR In-hospital/30-day stroke,"8,223",161,1.96,143,3,2.10,1.88,2.19,0.45,6.40,Average,34.0494519,-117.2641774
2022,Riverside,Loma Linda University,Loma Linda University Medical Center – Murrieta,106334589,TAVR In-hospital/30-day mortality,"8,223",187,2.27,76,3,3.95,2.63,3.40,0.70,9.95,Average,33.6147303,-117.1698557
2022,Riverside,Loma Linda University,Loma Linda University Medical Center – Murrieta,106334589,TAVR In-hospital/30-day stroke,"8,223",161,1.96,76,1,1.32,1.96,1.32,0.03,7.33,Average,33.6147303,-117.1698557
2022,Ventura,HCA Healthcare Corporation,Los Robles Hospital & Medical Center,106560492,TAVR In-hospital/30-day mortality,"8,223",187,2.27,86,3,3.49,2.92,2.71,0.56,7.92,Average,34.2067796,-118.8830898
2022,Ventura,HCA Healthcare Corporation,Los Robles Hospital & Medical Center,106560492,TAVR In-hospital/30-day stroke,"8,223",161,1.96,86,6,6.98,2.29,5.96,2.19,12.98,Worse,34.2067796,-118.8830898
2022,Marin,Independent/Other,MarinHealth Medical Center,106211006,TAVR In-hospital/30-day mortality,"8,223",187,2.27,67,1,1.49,1.48,2.28,0.06,12.72,Average,37.9466692,-122.5358494
2022,Marin,Independent/Other,MarinHealth Medical Center,106211006,TAVR In-hospital/30-day stroke,"8,223",161,1.96,67,1,1.49,1.60,1.83,0.05,10.21,Average,37.9466692,-122.5358494
2022,Stanislaus,Sutter Health,Memorial Medical Center – Modesto,106500939,TAVR In-hospital/30-day mortality,"8,223",187,2.27,91,0,0.00,1.49,0.00,0.00,6.19,Average,37.6686472,-120.9746362
2022,Stanislaus,Sutter Health,Memorial Medical Center – Modesto,106500939,TAVR In-hospital/30-day stroke,"8,223",161,1.96,91,0,0.00,1.56,0.00,0.00,5.10,Average,37.6686472,-120.9746362
2022,Los Angeles,MemorialCare,MemorialCare Long Beach Medical Center,106190525,TAVR In-hospital/30-day mortality,"8,223",187,2.27,85,2,2.35,3.81,1.40,0.17,5.06,Average,33.8083474,-118.1867193
2022,Los Angeles,MemorialCare,MemorialCare Long Beach Medical Center,106190525,TAVR In-hospital/30-day stroke,"8,223",161,1.96,85,2,2.35,2.14,2.15,0.26,7.78,Average,33.8083474,-118.1867193
2022,Orange,MemorialCare,MemorialCare Orange Coast Medical Center,106300225,TAVR In-hospital/30-day mortality,"8,223",187,2.27,50,0,0.00,2.04,0.00,0.00,8.21,Average,33.7004664,-117.9557452
2022,Orange,MemorialCare,MemorialCare Orange Coast Medical Center,106300225,TAVR In-hospital/30-day stroke,"8,223",161,1.96,50,1,2.00,1.78,2.20,0.06,12.27,Average,33.7004664,-117.9557452
2022,Orange,MemorialCare,MemorialCare Saddleback Medical Center,106301317,TAVR In-hospital/30-day mortality,"8,223",187,2.27,44,1,2.27,1.68,3.08,0.08,17.16,Average,33.6093252,-117.7089298
2022,Orange,MemorialCare,MemorialCare Saddleback Medical Center,106301317,TAVR In-hospital/30-day stroke,"8,223",161,1.96,44,1,2.27,1.60,2.78,0.07,15.50,Average,33.6093252,-117.7089298
2022,Sacramento,Dignity Health,Mercy General Hospital,106340947,TAVR In-hospital/30-day mortality,"8,223",187,2.27,352,5,1.42,1.66,1.95,0.63,4.54,Average,38.5707065,-121.4528888
2022,Sacramento,Dignity Health,Mercy General Hospital,106340947,TAVR In-hospital/30-day stroke,"8,223",161,1.96,352,3,0.85,1.74,0.96,0.20,2.81,Average,38.5707065,-121.4528888
2022,San Mateo,Sutter Health,Mills-Peninsula Medical Center,106410852,TAVR In-hospital/30-day mortality,"8,223",187,2.27,75,1,1.33,1.78,1.70,0.04,9.46,Average,37.5918122,-122.3833296
2022,San Mateo,Sutter Health,Mills-Peninsula Medical Center,106410852,TAVR In-hospital/30-day stroke,"8,223",161,1.96,75,2,2.67,1.86,2.80,0.34,10.13,Average,37.5918122,-122.3833296
2022,Solano,Independent/Other,NorthBay Medical Center,106481357,TAVR In-hospital/30-day mortality,"8,223",187,2.27,34,1,2.94,3.00,2.22,0.06,12.38,Average,38.2620091,-122.0473434
2022,Solano,Independent/Other,NorthBay Medical Center,106481357,TAVR In-hospital/30-day stroke,"8,223",161,1.96,34,1,2.94,1.68,3.42,0.09,19.08,Average,38.2620091,-122.0473434
2022,Los Angeles,Dignity Health,Northridge Hospital Medical Center,106190568,TAVR In-hospital/30-day mortality,"8,223",187,2.27,27,0,0.00,2.32,0.00,0.00,13.36,Average,34.2201753,-118.5335837
2022,Los Angeles,Dignity Health,Northridge Hospital Medical Center,106190568,TAVR In-hospital/30-day stroke,"8,223",161,1.96,27,0,0.00,1.61,0.00,0.00,16.65,Average,34.2201753,-118.5335837
2022,Santa Clara,Verity Health System,O'Connor Hospital,106430837,TAVR In-hospital/30-day mortality,"8,223",187,2.27,26,1,3.85,1.89,4.62,0.12,25.76,Average,37.3276348,-121.9388672
2022,Santa Clara,Verity Health System,O'Connor Hospital,106430837,TAVR In-hospital/30-day stroke,"8,223",161,1.96,26,1,3.85,1.56,4.83,0.12,26.92,Average,37.3276348,-121.9388672
2022,San Diego,Independent/Other,Palomar Medical Center,106374382,TAVR In-hospital/30-day mortality,"8,223",187,2.27,56,3,5.36,3.12,3.90,0.80,11.39,Average,33.0978509,-117.1109207
2022,San Diego,Independent/Other,Palomar Medical Center,106374382,TAVR In-hospital/30-day stroke,"8,223",161,1.96,56,2,3.57,1.67,4.20,0.51,15.18,Average,33.0978509,-117.1109207
2022,Los Angeles,Independent/Other,PIH Health Good Samaritan Hospital,106190392,TAVR In-hospital/30-day mortality,"8,223",187,2.27,133,5,3.76,4.62,1.85,0.60,4.31,Average,34.054581,-118.2654301
2022,Los Angeles,Independent/Other,PIH Health Good Samaritan Hospital,106190392,TAVR In-hospital/30-day stroke,"8,223",161,1.96,133,2,1.50,2.11,1.40,0.17,5.04,Average,34.054581,-118.2654301
2022,Los Angeles,Independent/Other,PIH Health Hospital – Whittier,106190631,TAVR In-hospital/30-day mortality,"8,223",187,2.27,31,3,9.68,3.26,6.74,1.39,19.71,Average,33.9690304,-118.0490717
2022,Los Angeles,Independent/Other,PIH Health Hospital – Whittier,106190631,TAVR In-hospital/30-day stroke,"8,223",161,1.96,31,2,6.45,1.66,7.63,0.92,27.56,Average,33.9690304,-118.0490717
2022,Los Angeles,Independent/Other,Pomona Valley Hospital Medical Center,106190630,TAVR In-hospital/30-day mortality,"8,223",187,2.27,27,2,7.41,3.59,4.68,0.57,16.92,Average,34.0768776,-117.7516647
2022,Los Angeles,Independent/Other,Pomona Valley Hospital Medical Center,106190630,TAVR In-hospital/30-day stroke,"8,223",161,1.96,27,1,3.70,1.86,3.90,0.10,21.74,Average,34.0768776,-117.7516647
2022,Los Angeles,Providence St. Joseph Health,Providence Little Company of Mary Medical Center – Torrance,106190470,TAVR In-hospital/30-day mortality,"8,223",187,2.27,23,0,0.00,2.31,0.00,0.00,15.77,Average,33.8384678,-118.3572436
2022,Los Angeles,Providence St. Joseph Health,Providence Little Company of Mary Medical Center – Torrance,106190470,TAVR In-hospital/30-day stroke,"8,223",161,1.96,23,1,4.35,2.67,3.20,0.08,17.80,Average,33.8384678,-118.3572436
2022,Orange,Providence St. Joseph Health,Providence Mission Hospital,106301262,TAVR In-hospital/30-day mortality,"8,223",187,2.27,34,0,0.00,2.01,0.00,0.00,12.27,Average,33.5610058,-117.6653706
2022,Orange,Providence St. Joseph Health,Providence Mission Hospital,106301262,TAVR In-hospital/30-day stroke,"8,223",161,1.96,34,0,0.00,1.59,0.00,0.00,13.41,Average,33.5610058,-117.6653706
2022,Los Angeles,Providence St. Joseph Health,Providence Saint John's Health Center,106190756,TAVR In-hospital/30-day mortality,"8,223",187,2.27,82,2,2.44,1.99,2.78,0.34,10.05,Average,34.0307739,-118.4796445
2022,Los Angeles,Providence St. Joseph Health,Providence Saint John's Health Center,106190756,TAVR In-hospital/30-day stroke,"8,223",161,1.96,82,1,1.22,1.91,1.25,0.03,6.96,Average,34.0307739,-118.4796445
2022,Los Angeles,Providence St. Joseph Health,Providence Saint Joseph Medical Center,106190758,TAVR In-hospital/30-day mortality,"8,223",187,2.27,31,0,0.00,1.29,0.00,0.00,20.87,Average,34.1572533,-118.3292851
2022,Los Angeles,Providence St. Joseph Health,Providence Saint Joseph Medical Center,106190758,TAVR In-hospital/30-day stroke,"8,223",161,1.96,31,0,0.00,1.81,0.00,0.00,12.85,Average,34.1572533,-118.3292851
2022,Sonoma,Providence St. Joseph Health,Providence Santa Rosa Memorial Hospital – Montgomery,106491064,TAVR In-hospital/30-day mortality,"8,223",187,2.27,96,3,3.13,2.11,3.37,0.69,9.84,Average,38.4437589,-122.7011068
2022,Sonoma,Providence St. Joseph Health,Providence Santa Rosa Memorial Hospital – Montgomery,106491064,TAVR In-hospital/30-day stroke,"8,223",161,1.96,96,3,3.13,1.93,3.18,0.66,9.28,Average,38.4437589,-122.7011068
2022,Orange,Providence St. Joseph Health,Providence St. Joseph Hospital,106301340,TAVR In-hospital/30-day mortality,"8,223",187,2.27,153,4,2.61,2.77,2.14,0.58,5.49,Average,33.781686,-117.864484
2022,Orange,Providence St. Joseph Health,Providence St. Joseph Hospital,106301340,TAVR In-hospital/30-day stroke,"8,223",161,1.96,153,4,2.61,1.90,2.69,0.73,6.90,Average,33.781686,-117.864484
2022,Orange,Providence St. Joseph Health,Providence St. Jude Medical Center,106301342,TAVR In-hospital/30-day mortality,"8,223",187,2.27,63,1,1.59,2.48,1.45,0.04,8.09,Average,33.8943501,-117.92786
2022,Orange,Providence St. Joseph Health,Providence St. Jude Medical Center,106301342,TAVR In-hospital/30-day stroke,"8,223",161,1.96,63,2,3.17,2.00,3.11,0.38,11.22,Average,33.8943501,-117.92786
2022,Riverside,HCA Healthcare Corporation,Riverside Community Hospital,106331312,TAVR In-hospital/30-day mortality,"8,223",187,2.27,44,3,6.82,2.11,7.35,1.51,21.47,Average,33.9772213,-117.3815694
2022,Riverside,HCA Healthcare Corporation,Riverside Community Hospital,106331312,TAVR In-hospital/30-day stroke,"8,223",161,1.96,44,1,2.27,1.76,2.54,0.06,14.13,Average,33.9772213,-117.3815694
2022,Los Angeles,University of California,Ronald Reagan UCLA Medical Center,106190796,TAVR In-hospital/30-day mortality,"8,223",187,2.27,136,2,1.47,2.33,1.43,0.17,5.18,Average,34.0664764,-118.4465738
2022,Los Angeles,University of California,Ronald Reagan UCLA Medical Center,106190796,TAVR In-hospital/30-day stroke,"8,223",161,1.96,136,1,0.74,1.64,0.88,0.02,4.89,Average,34.0664764,-118.4465738
2022,Fresno,Independent/Other,Saint Agnes Medical Center,106100899,TAVR In-hospital/30-day mortality,"8,223",187,2.27,143,1,0.70,2.95,0.54,0.01,3.00,Average,36.8342377,-119.763776
2022,Fresno,Independent/Other,Saint Agnes Medical Center,106100899,TAVR In-hospital/30-day stroke,"8,223",161,1.96,143,1,0.70,2.00,0.69,0.02,3.83,Average,36.8342377,-119.763776
2022,Monterey,Independent/Other,Salinas Valley Health Medical Center,106270875,TAVR In-hospital/30-day mortality,"8,223",187,2.27,39,1,2.56,1.23,4.71,0.12,26.26,Average,36.6594918,-121.6456896
2022,Monterey,Independent/Other,Salinas Valley Health Medical Center,106270875,TAVR In-hospital/30-day stroke,"8,223",161,1.96,39,2,5.13,1.45,6.94,0.84,25.09,Average,36.6594918,-121.6456896
2022,San Bernardino,Independent/Other,San Antonio Regional Hospital,106361318,TAVR In-hospital/30-day mortality,"8,223",187,2.27,71,1,1.41,1.52,2.11,0.05,11.76,Average,34.101896,-117.637482
2022,San Bernardino,Independent/Other,San Antonio Regional Hospital,106361318,TAVR In-hospital/30-day stroke,"8,223",161,1.96,71,2,2.82,1.63,3.39,0.41,12.26,Average,34.101896,-117.637482
2022,Santa Barbara,Independent/Other,Santa Barbara Cottage Hospital,106420514,TAVR In-hospital/30-day mortality,"8,223",187,2.27,140,2,1.43,2.51,1.29,0.16,4.66,Average,34.4295556,-119.7243225
2022,Santa Barbara,Independent/Other,Santa Barbara Cottage Hospital,106420514,TAVR In-hospital/30-day stroke,"8,223",161,1.96,140,5,3.57,2.03,3.44,1.12,8.04,Average,34.4295556,-119.7243225
2022,San Diego,Scripps Health,Scripps Memorial Hospital – La Jolla,106370771,TAVR In-hospital/30-day mortality,"8,223",187,2.27,434,9,2.07,2.04,2.30,1.05,4.38,Average,32.8851544,-117.2255383
2022,San Diego,Scripps Health,Scripps Memorial Hospital – La Jolla,106370771,TAVR In-hospital/30-day stroke,"8,223",161,1.96,434,7,1.61,2.11,1.50,0.60,3.08,Average,32.8851544,-117.2255383
2022,San Diego,Scripps Health,Scripps Mercy Hospital,106370744,TAVR In-hospital/30-day mortality,"8,223",187,2.27,85,3,3.53,3.00,2.67,0.55,7.79,Average,32.7511432,-117.1608129
2022,San Diego,Scripps Health,Scripps Mercy Hospital,106370744,TAVR In-hospital/30-day stroke,"8,223",161,1.96,85,4,4.71,2.30,4.00,1.09,10.25,Average,32.7511432,-117.1608129
2022,San Mateo,Dignity Health,Sequoia Hospital,106410891,TAVR In-hospital/30-day mortality,"8,223",187,2.27,25,1,4.00,2.35,3.86,0.10,21.50,Average,37.479843,-122.2546654
2022,San Mateo,Dignity Health,Sequoia Hospital,106410891,TAVR In-hospital/30-day stroke,"8,223",161,1.96,25,1,4.00,1.91,4.10,0.10,22.84,Average,37.479843,-122.2546654
2022,San Diego,Sharp Healthcare,Sharp Chula Vista Medical Center,106370875,TAVR In-hospital/30-day mortality,"8,223",187,2.27,68,5,7.35,2.81,5.95,1.93,13.88,Average,32.6196499,-117.0232636
2022,San Diego,Sharp Healthcare,Sharp Chula Vista Medical Center,106370875,TAVR In-hospital/30-day stroke,"8,223",161,1.96,68,0,0.00,2.03,0.00,0.00,5.24,Average,32.6196499,-117.0232636
2022,San Diego,Sharp Healthcare,Sharp Memorial Hospital,106370694,TAVR In-hospital/30-day mortality,"8,223",187,2.27,131,7,5.34,2.75,4.41,1.77,9.08,Average,32.7995207,-117.1546027
2022,San Diego,Sharp Healthcare,Sharp Memorial Hospital,106370694,TAVR In-hospital/30-day stroke,"8,223",161,1.96,131,3,2.29,2.23,2.01,0.42,5.89,Average,32.7995207,-117.1546027
2022,Shasta,Prime Healthcare Services,Shasta Regional Medical Center,106450940,TAVR In-hospital/30-day mortality,"8,223",187,2.27,93,0,0.00,1.12,0.00,0.00,8.03,Average,40.5855541,-122.3877573
2022,Shasta,Prime Healthcare Services,Shasta Regional Medical Center,106450940,TAVR In-hospital/30-day stroke,"8,223",161,1.96,93,0,0.00,1.26,0.00,0.00,6.19,Average,40.5855541,-122.3877573
2022,San Bernardino,Dignity Health,St. Bernardine Medical Center,106361339,TAVR In-hospital/30-day mortality,"8,223",187,2.27,108,4,3.70,1.64,5.13,1.40,13.13,Average,34.1350497,-117.2772597
2022,San Bernardino,Dignity Health,St. Bernardine Medical Center,106361339,TAVR In-hospital/30-day stroke,"8,223",161,1.96,108,4,3.70,1.47,4.93,1.34,12.63,Average,34.1350497,-117.2772597
2022,Ventura,Dignity Health,St. John's Regional Medical Center,106560529,TAVR In-hospital/30-day mortality,"8,223",187,2.27,29,1,3.45,2.14,3.66,0.09,20.40,Average,34.2163022,-119.1558102
2022,Ventura,Dignity Health,St. John's Regional Medical Center,106560529,TAVR In-hospital/30-day stroke,"8,223",161,1.96,29,1,3.45,1.55,4.36,0.11,24.32,Average,34.2163022,-119.1558102
2022,San Joaquin,Dignity Health,St. Joseph's Medical Center of Stockton,106391042,TAVR In-hospital/30-day mortality,"8,223",187,2.27,79,3,3.80,1.29,6.67,1.37,19.48,Average,37.9698831,-121.2886669
2022,San Joaquin,Dignity Health,St. Joseph's Medical Center of Stockton,106391042,TAVR In-hospital/30-day stroke,"8,223",161,1.96,79,0,0.00,1.76,0.00,0.00,5.20,Average,37.9698831,-121.2886669
2022,Santa Clara,Independent/Other,Stanford Health Care,106430905,TAVR In-hospital/30-day mortality,"8,223",187,2.27,250,4,1.60,1.84,1.98,0.54,5.07,Average,37.4330746,-122.1750485
2022,Santa Clara,Independent/Other,Stanford Health Care,106430905,TAVR In-hospital/30-day stroke,"8,223",161,1.96,250,5,2.00,1.49,2.63,0.85,6.13,Average,37.4330746,-122.1750485
2022,Alameda,Independent/Other,Stanford Health Care Tri-Valley,106014050,TAVR In-hospital/30-day mortality,"8,223",187,2.27,16,0,0.00,1.29,0.00,0.00,40.42,Average,37.6933946,-121.8803417
2022,Alameda,Independent/Other,Stanford Health Care Tri-Valley,106014050,TAVR In-hospital/30-day stroke,"8,223",161,1.96,16,1,6.25,1.69,7.25,0.18,40.39,Average,37.6933946,-121.8803417
2022,Sacramento,Sutter Health,Sutter Medical Center – Sacramento,106341051,TAVR In-hospital/30-day mortality,"8,223",187,2.27,212,8,3.77,2.06,4.15,1.79,8.18,Average,38.5709021,-121.4694505
2022,Sacramento,Sutter Health,Sutter Medical Center – Sacramento,106341051,TAVR In-hospital/30-day stroke,"8,223",161,1.96,212,1,0.47,1.90,0.49,0.01,2.71,Average,38.5709021,-121.4694505
2022,Riverside,"Universal Health Services, Inc.",Temecula Valley Hospital,106334564,TAVR In-hospital/30-day mortality,"8,223",187,2.27,18,0,0.00,2.06,0.00,0.00,22.61,Average,33.480114,-117.1068419
2022,Riverside,"Universal Health Services, Inc.",Temecula Valley Hospital,106334564,TAVR In-hospital/30-day stroke,"8,223",161,1.96,18,0,0.00,1.90,0.00,0.00,21.17,Average,33.480114,-117.1068419
2022,Los Angeles,Cedars-Sinai Health System,Torrance Memorial Medical Center,106190422,TAVR In-hospital/30-day mortality,"8,223",187,2.27,110,2,1.82,2.03,2.03,0.25,7.34,Average,33.8134694,-118.3441879
2022,Los Angeles,Cedars-Sinai Health System,Torrance Memorial Medical Center,106190422,TAVR In-hospital/30-day stroke,"8,223",161,1.96,110,2,1.82,1.83,1.95,0.24,7.04,Average,33.8134694,-118.3441879
2022,San Diego,Independent/Other,Tri-City Medical Center,106370780,TAVR In-hospital/30-day mortality,"8,223",187,2.27,39,0,0.00,1.84,0.00,0.00,11.69,Average,33.1856484,-117.2904359
2022,San Diego,Independent/Other,Tri-City Medical Center,106370780,TAVR In-hospital/30-day stroke,"8,223",161,1.96,39,0,0.00,1.64,0.00,0.00,11.33,Average,33.1856484,-117.2904359
2022,Sacramento,University of California,UC Davis Medical Center,106341006,TAVR In-hospital/30-day mortality,"8,223",187,2.27,135,3,2.22,2.02,2.49,0.51,7.29,Average,38.5544352,-121.4554222
2022,Sacramento,University of California,UC Davis Medical Center,106341006,TAVR In-hospital/30-day stroke,"8,223",161,1.96,135,3,2.22,1.82,2.39,0.49,6.99,Average,38.5544352,-121.4554222
2022,Orange,University of California,UC Irvine Medical Center,106301279,TAVR In-hospital/30-day mortality,"8,223",187,2.27,65,2,3.08,4.14,1.69,0.20,6.09,Average,33.7871265,-117.8883391
2022,Orange,University of California,UC Irvine Medical Center,106301279,TAVR In-hospital/30-day stroke,"8,223",161,1.96,65,3,4.62,1.77,5.12,1.05,14.95,Average,33.7871265,-117.8883391
2022,San Diego,University of California,UC San Diego Health La Jolla – Jacobs Medical Center & Sulpizio Cardiovascular Center,106374141,TAVR In-hospital/30-day mortality,"8,223",187,2.27,93,2,2.15,1.88,2.59,0.31,9.36,Average,32.8785055,-117.2257251
2022,San Diego,University of California,UC San Diego Health La Jolla – Jacobs Medical Center & Sulpizio Cardiovascular Center,106374141,TAVR In-hospital/30-day stroke,"8,223",161,1.96,93,0,0.00,1.70,0.00,0.00,4.57,Average,32.8785055,-117.2257251
2022,San Francisco,University of California,UC San Francisco Medical Center,106381154,TAVR In-hospital/30-day mortality,"8,223",187,2.27,103,3,2.91,3.69,1.79,0.37,5.24,Average,37.7634772,-122.4573479
2022,San Francisco,University of California,UC San Francisco Medical Center,106381154,TAVR In-hospital/30-day stroke,"8,223",161,1.96,103,2,1.94,2.02,1.89,0.23,6.81,Average,37.7634772,-122.4573479
2022,Alameda,Independent/Other,Washington Hospital – Fremont,106010987,TAVR In-hospital/30-day mortality,"8,223",187,2.27,27,0,0.00,1.95,0.00,0.00,15.90,Average,37.5572736,-121.9779535
2022,Alameda,Independent/Other,Washington Hospital – Fremont,106010987,TAVR In-hospital/30-day stroke,"8,223",161,1.96,27,1,3.70,1.35,5.37,0.14,29.93,Average,37.5572736,-121.9779535
2022,Los Angeles,HCA Healthcare Corporation,West Hills Hospital and Medical Center,106190859,TAVR In-hospital/30-day mortality,"8,223",187,2.27,8,0,0.00,2.77,0.00,0.00,37.83,Average,34.2030563,-118.6298005
2022,Los Angeles,HCA Healthcare Corporation,West Hills Hospital and Medical Center,106190859,TAVR In-hospital/30-day stroke,"8,223",161,1.96,8,0,0.00,2.16,0.00,0.00,41.79,Average,34.2030563,-118.6298005
